title,movie_image
ケージ・ダイブ,http://eiga.k-img.com/images/movie/87277/photo/41d5d29a7ea46b41/320.jpg?1499062696
フェリシーと夢のトウシューズ,http://eiga.k-img.com/images/movie/86684/photo/e488779e0ed18eb9/320.jpg?1499740950
海底47m,http://eiga.k-img.com/images/movie/86190/photo/aa98ce6f5526600d/320.jpg?1496300656
ハイドリヒを撃て！「ナチの野獣」暗殺作戦,http://eiga.k-img.com/images/movie/86851/photo/85704cea7bd6f6b2/320.jpg?1491358304
RE:BORN リボーン,http://eiga.k-img.com/images/movie/87343/photo/614e1e14b2217216/320.jpg?1498007655
海の彼方,http://eiga.k-img.com/images/movie/86782/photo/eb83471baa036e3b/320.jpg?1496995253
コスタリカの奇跡積極的平和国家のつくり方,http://eiga.k-img.com/images/movie/87025/photo/0c7d3ffb139fe195/320.jpg?1499825157
チャルカ未来を紡ぐ糸車,http://eiga.k-img.com/images/movie/87378/photo/c670dc0f6cc0133f/320.jpg?1499050431
デス・レース2000年,http://eiga.k-img.com/images/movie/46975/photo/a128b80c7c15da37/320.jpg?1497924016
隣人のゆくえあの夏の歌声,http://eiga.k-img.com/images/movie/87223/photo/29fda6b687d32992/320.jpg?1496709969
スパイダーマンホームカミング,http://eiga.k-img.com/images/movie/82383/photo/0b817fb31d09c8f8/320.jpg?1495614441
少女ファニーと運命の旅,http://eiga.k-img.com/images/movie/86923/photo/0594040d871cb912/320.jpg?1495070724
劇場版仮面ライダーエグゼイドトゥルー・エンディング,http://eiga.k-img.com/images/movie/86299/photo/908fd8dbfaddae44/320.jpg?1499915987
エブリシング,http://eiga.k-img.com/images/movie/87147/photo/01cd83f50b35f592/320.jpg?1499651801
夜明けの祈り,http://eiga.k-img.com/images/movie/86006/photo/21db1e76444cdf3f/320.jpg?1496395345
ロスト・イン・パリ,http://eiga.k-img.com/images/movie/87049/photo/f644c3ae5d95b99e/320.jpg?1493688809
スターシップ9,http://eiga.k-img.com/images/movie/87139/photo/0be455862433630b/320.jpg?1495158426
きっと、いい日が待っている,http://eiga.k-img.com/images/movie/87029/photo/e2b0dc1639406da5/320.jpg?1498018016
俺たちポップスター,http://eiga.k-img.com/images/movie/85070/photo/3acc00d40ba746fb/320.jpg?1498702556
宇宙戦隊キュウレンジャー THE MOVIE ゲース・インダベーの逆襲,http://eiga.k-img.com/images/movie/86300/photo/ea8e50fac82eb91c/320.jpg?1499916101
沖縄を変えた男,http://eiga.k-img.com/images/movie/84531/photo/353c78b7d7a75d3d/320.jpg?1500862157
オラファー・エリアソン視覚と知覚,http://eiga.k-img.com/images/movie/87105/photo/b072d4eb53fb2d97/320.jpg?1495419090
サイゴン・ボディガード,http://eiga.k-img.com/images/movie/87273/photo/86c85914f0357a09/320.jpg?1500862554
ファンタズムV ザ・ファイナル,http://eiga.k-img.com/images/movie/87263/photo/eda0f9829e355811/320.jpg?1496730885
闇金ドッグス6,http://eiga.k-img.com/images/movie/87403/photo/606c6f58adea05a7/320.jpg?1501229588
リベリアの白い血,http://eiga.k-img.com/images/movie/87091/photo/13610157596015af/320.jpg?1494992366
トランスフォーマー最後の騎士王,http://eiga.k-img.com/images/movie/84962/photo/3e85eaad8e5ff637/320.jpg?1497579908
ジョジョの奇妙な冒険ダイヤモンドは砕けない第一章,http://eiga.k-img.com/images/movie/85735/photo/f8dbab01c2c9f1bd/320.jpg?1496796217
STAR SAND 星砂物語,http://eiga.k-img.com/images/movie/86790/photo/19142e5672bc7ab2/320.jpg?1496018483
静かなる復讐,http://eiga.k-img.com/images/movie/87265/photo/e2332659c87e5f8a/320.jpg?1500337374
東京喰種トーキョーグール,http://eiga.k-img.com/images/movie/85143/photo/8ccda7426fc3481f/320.jpg?1499136440
ファウンダーハンバーガー帝国のヒミツ,http://eiga.k-img.com/images/movie/86366/photo/118fd4e4fe8745eb/320.jpg?1492131255
海辺の生と死,http://eiga.k-img.com/images/movie/86419/photo/5249db1e8a19fa29/320.jpg?1494298428
ブランカとギター弾き,http://eiga.k-img.com/images/movie/83950/photo/e5cd221f6efcc9b8/320.jpg?1498468603
静かなる情熱エミリ・ディキンスン,http://eiga.k-img.com/images/movie/86185/photo/a7bd9345329fc2b8/320.jpg?1495519848
ローサは密告された,http://eiga.k-img.com/images/movie/86897/photo/05a76e101ee460e1/320.jpg?1496734545
ワン・デイ悲しみが消えるまで,http://eiga.k-img.com/images/movie/86677/photo/4641b8889ee94cb4/320.jpg?1498640602
ジャック・ドゥミの少年期,http://eiga.k-img.com/images/movie/45349/photo/89419acc78f159d9/320.jpg?1495435870
ブレンダンとケルズの秘密,http://eiga.k-img.com/images/movie/83820/photo/aa101e405041c725/320.jpg?1494894466
君の膵臓をたべたい（2017）,http://eiga.k-img.com/images/movie/85608/photo/f8ae869ab70b3054/320.jpg?1487929598
ザ・マミー呪われた砂漠の王女,http://eiga.k-img.com/images/movie/86386/photo/16b3388c169b4069/320.jpg?1498527682
心が叫びたがってるんだ。,http://eiga.k-img.com/images/movie/86707/photo/c03190a1df2a163c/320.jpg?1496881751
魔法少女リリカルなのは Reflection,http://eiga.k-img.com/images/movie/85778/photo/cc1891ff1642e28e/320.jpg?1496797444
劇場版お前はまだグンマを知らない,http://eiga.k-img.com/images/movie/86759/photo/8e6b6eafe028af6f/320.jpg?1497585251
ウィッチ,http://eiga.k-img.com/images/movie/84403/photo/151ab8da3f3dba8d/320.jpg?1496198925
ボン・ボヤージュ家族旅行は大暴走,http://eiga.k-img.com/images/movie/86184/photo/622f60df12d4fc2f/320.jpg?1494488003
君はひとりじゃない,http://eiga.k-img.com/images/movie/83163/photo/44c65dc7a6ca3117/320.jpg?1494580074
パリ・オペラ座夢を継ぐ者たち,http://eiga.k-img.com/images/movie/86191/photo/9fcd7be34dbef867/320.jpg?1489364579
あの人に逢えるまで,http://eiga.k-img.com/images/movie/87096/photo/12a4ef255bceb1a1/320.jpg?1494840188
狂覗,http://eiga.k-img.com/images/movie/86974/photo/77623964c27d32ca/320.jpg?1497434353
幸福（しあわせ）,http://eiga.k-img.com/images/movie/45049/photo/9e22ff7b381359e7/320.jpg?1495435762
十年,http://eiga.k-img.com/images/movie/86673/photo/4936eff6a4025e6d/320.jpg?1497515231
空と風と星の詩人尹東柱（ユン・ドンジュ）の生涯,http://eiga.k-img.com/images/movie/87095/photo/5d1994ddfefdf1ca/320.jpg?1494840092
台湾萬歳,http://eiga.k-img.com/images/movie/86920/photo/f87a133d5f127500/320.jpg?1496623084
ダイ・ビューティフル,http://eiga.k-img.com/images/movie/85693/photo/84f6b0bd91d5420d/320.jpg?1497489419
天使の入江,http://eiga.k-img.com/images/movie/86948/photo/6b9ae7ee3edd63bb/320.jpg?1494567814
ローラ（1960）,http://eiga.k-img.com/images/movie/50971/photo/524a8df66f304af1/320.jpg?1495435903
怪盗グルーのミニオン大脱走,http://eiga.k-img.com/images/movie/86162/photo/dae6c310151fe6e5/320.jpg?1497929308
劇場版生徒会役員共,http://eiga.k-img.com/images/movie/86150/photo/d120f98885018dc8/320.jpg?1492572177
ビニー信じる男,http://eiga.k-img.com/images/movie/86034/photo/3751a50504ded95a/320.jpg?1497422156
さよなら、ぼくのモンスター,http://eiga.k-img.com/images/movie/83959/photo/0ca63444749981f7/320.jpg?1499389380
劇場版ポケットモンスターキミにきめた！,http://eiga.k-img.com/images/movie/86155/photo/e77527cf33067dd7/320.jpg?1481772836
カーズクロスロード,http://eiga.k-img.com/images/movie/85218/photo/2be195e72a55e499/320.jpg?1486426686
ノーゲーム・ノーライフゼロ,http://eiga.k-img.com/images/movie/85322/photo/5b8267151f3e8d7f/320.jpg?1496020614
ダンサー、セルゲイ・ポルーニン世界一優雅な野獣,http://eiga.k-img.com/images/movie/86209/photo/3105b8578dc7b2c0/320.jpg?1490265213
パワーレンジャー,http://eiga.k-img.com/images/movie/83977/photo/563600be564541ce/320.jpg?1493196455
彼女の人生は間違いじゃない,http://eiga.k-img.com/images/movie/86973/photo/70db9f6619f92ff7/320.jpg?1494817608
甘き人生,http://eiga.k-img.com/images/movie/86743/photo/07aa99a91b4c8fd3/320.jpg?1494468378
世界は今日から君のもの,http://eiga.k-img.com/images/movie/86136/photo/65791f3c2b3550ee/320.jpg?1494897672
アリーキャット,http://eiga.k-img.com/images/movie/86181/photo/638a7158c90d8e46/320.jpg?1491783927
獣道,http://eiga.k-img.com/images/movie/84770/photo/0cac834cd87b7c5a/320.jpg?1487207489
尊く厳かな死,http://eiga.k-img.com/images/movie/87054/photo/afba945309c0fc3b/320.jpg?1494294857
ハローグッバイ,http://eiga.k-img.com/images/movie/85725/photo/62f5d49705c23f9e/320.jpg?1492130729
ハートストーン,http://eiga.k-img.com/images/movie/86808/photo/85602b316648ecaa/320.jpg?1494838011
LOU,http://eiga.k-img.com/images/movie/87345/photo/a2519ddc42fc2c22/320.jpg?1498459933
銀魂,http://eiga.k-img.com/images/movie/85208/photo/28ab133e8d79fef1/320.jpg?1493370818
メアリと魔女の花,http://eiga.k-img.com/images/movie/86158/photo/f5c11b7625eea807/320.jpg?1495086700
ヒトラーへの285枚の葉書,http://eiga.k-img.com/images/movie/86307/photo/b0d146b403a1c704/320.jpg?1491357581
歓びのトスカーナ,http://eiga.k-img.com/images/movie/86742/photo/683b1b8a83633212/320.jpg?1494205369
バイバイマン,http://eiga.k-img.com/images/movie/86321/photo/82f9e98ddc587afa/320.jpg?1494492329
逆光の頃,http://eiga.k-img.com/images/movie/85935/photo/008eb7d1964f9dd7/320.jpg?1496622400
裁き,http://eiga.k-img.com/images/movie/86847/photo/7e388b54d230f246/320.jpg?1491898852
マイ・ライフ・ディレクテッド・バイ・ニコラス・ウィンディング・レフン,http://eiga.k-img.com/images/movie/86936/photo/b81278c963edd1d0/320.jpg?1495762263
丸,http://eiga.k-img.com/images/movie/87202/photo/0c5b2b72d8ce7bf3/320.jpg?1496624017
結城友奈は勇者である鷲尾須美の章第3章「やくそく」,http://eiga.k-img.com/images/movie/86364/photo/716f48a57dcd34af/320.jpg?1495419943
ボンジュール、アン,http://eiga.k-img.com/images/movie/86922/photo/6c3ff4cbef998f01/320.jpg?1495788933
ジョン・ウィックチャプター2,http://eiga.k-img.com/images/movie/83963/photo/360d36eb529548a5/320.jpg?1492739370
ナショナル・シアター・ライヴ 2017 「深く青い海」,http://eiga.k-img.com/images/movie/86631/photo/73803e1ad6f86daa/320.jpg?1491288099
パイレーツ・オブ・カリビアン最後の海賊,http://eiga.k-img.com/images/movie/57269/photo/30f2eebf23db876a/320.jpg?1491439258
忍びの国,http://eiga.k-img.com/images/movie/85041/photo/bc3fcc765675e7c5/320.jpg?1497927303
それいけ！アンパンマンブルブルの宝探し大冒険！,http://eiga.k-img.com/images/movie/86478/photo/26a88963f0ad639a/320.jpg?1494837415
しあわせな人生の選択,http://eiga.k-img.com/images/movie/86439/photo/c6d904a6a0636f72/320.jpg?1494895229
お江戸のキャンディー2 ロワゾー・ドゥ・パラディ（天国の鳥）篇,http://eiga.k-img.com/images/movie/85998/photo/a9cdf3fc85627e3d/320.jpg?1490774620
劇場版 Free! Timeless Medley 約束,http://eiga.k-img.com/images/movie/86806/photo/2338cc39438289fe/320.jpg?1490770176
地獄愛,http://eiga.k-img.com/images/movie/86714/photo/594725263c4cb6d7/320.jpg?1489563798
ディストピアパンドラの少女,http://eiga.k-img.com/images/movie/86235/photo/21eaf217c14dbec3/320.jpg?1495088433
嘆きの王冠ホロウ・クラウンヘンリー六世 PART2,http://eiga.k-img.com/images/movie/86602/photo/9d14a41d12ff3290/320.jpg?1487903965
ハネムーン・キラーズ,http://eiga.k-img.com/images/movie/48055/photo/3d4f59e48eded90f/320.jpg?1490778758
めだまろんザ・レジデンツ・ムービー,http://eiga.k-img.com/images/movie/86564/photo/b193de9051f07d94/320.jpg?1495785544
兄に愛されすぎて困ってます,http://eiga.k-img.com/images/movie/85635/photo/ca0abf54049053c0/320.jpg?1496719114
ハクソー・リッジ,http://eiga.k-img.com/images/movie/85972/photo/6d42b2b74ce0f397/320.jpg?1493259521
ありがとう、トニ・エルドマン,http://eiga.k-img.com/images/movie/86341/photo/2933376a6f07e08c/320.jpg?1491988302
いつまた、君と何日君再来（ホーリージュンザイライ）,http://eiga.k-img.com/images/movie/86408/photo/1d57f1828e717e59/320.jpg?1489020148
いのちのはじまり子育てが未来をつくる,http://eiga.k-img.com/images/movie/87093/photo/b70960554599d68e/320.jpg?1494832470
結婚,http://eiga.k-img.com/images/movie/86284/photo/7ac9fbe46f7bf19e/320.jpg?1490143348
ジーサンズはじめての強盗,http://eiga.k-img.com/images/movie/83994/photo/391edc233fd2cf1f/320.jpg?1492738285
ハイヒールこだわりが生んだおとぎ話,http://eiga.k-img.com/images/movie/86570/photo/ae0c5f5c349a6333/320.jpg?1490062548
BUCK-TICK CLIMAX TOGETHER ON SCREEN 1992-2016,http://eiga.k-img.com/images/movie/86979/photo/db622bf86c290bd6/320.jpg?1493285535
ふたりの旅路,http://eiga.k-img.com/images/movie/86530/photo/230c06aad88cd9d4/320.jpg?1495413839
ぼくらの亡命,http://eiga.k-img.com/images/movie/85793/photo/4f3ff2c77dcb92f1/320.jpg?1493599100
ラオス竜の奇跡,http://eiga.k-img.com/images/movie/86246/photo/f4cc36a83b49eac1/320.jpg?1492736816
ラスト・プリンセス大韓帝国最後の皇女,http://eiga.k-img.com/images/movie/86849/photo/3a4fa265999ff38f/320.jpg?1494379305
フィフティ・シェイズ・ダーカー,http://eiga.k-img.com/images/movie/86387/photo/8a6b93755da88e14/320.jpg?1488158562
劇場版魔法科高校の劣等生星を呼ぶ少女,http://eiga.k-img.com/images/movie/84507/photo/57064fd994ef0ef2/320.jpg?1492675248
こどもつかい,http://eiga.k-img.com/images/movie/85207/photo/c62a1fcb31af78d2/320.jpg?1494385724
おとなの恋の測り方,http://eiga.k-img.com/images/movie/86156/photo/be0336aedc038551/320.jpg?1490934267
世界にひとつの金メダル,http://eiga.k-img.com/images/movie/86572/photo/1fde28c30a059d7a/320.jpg?1487581903
TAP THE LAST SHOW,http://eiga.k-img.com/images/movie/84826/photo/3f8f4d40ce5a2ccd/320.jpg?1491787509
メサイア外伝極夜 Polar night,http://eiga.k-img.com/images/movie/85637/photo/305de8023e567b03/320.jpg?1486946554
約束の地、メンフィステイク・ミー・トゥー・ザ・リバー,http://eiga.k-img.com/images/movie/86987/photo/ab250c94e7807d0d/320.jpg?1493108954
リベンジ・リスト,http://eiga.k-img.com/images/movie/86168/photo/59038725644052f3/320.jpg?1491363363
映画山田孝之3D,http://eiga.k-img.com/images/movie/86789/photo/519f68acee163065/320.jpg?1490577716
昼顔,http://eiga.k-img.com/images/movie/85734/photo/f9c926f5e83f2e78/320.jpg?1485392306
22年目の告白私が殺人犯です,http://eiga.k-img.com/images/movie/85298/photo/4ea66c595edab72b/320.jpg?1489713302
アイム・ノット・シリアルキラー,http://eiga.k-img.com/images/movie/86165/photo/88254b828401e759/320.jpg?1493174273
ある決闘セントヘレナの掟,http://eiga.k-img.com/images/movie/86249/photo/8329b996a291be9f/320.jpg?1487297732
KING OF PRISM PRIDE the HERO,http://eiga.k-img.com/images/movie/85592/photo/2de879b4e0b5917c/320.jpg?1484299665
コール・オブ・ヒーローズ武勇伝,http://eiga.k-img.com/images/movie/86462/photo/8805a1c3cdf1cd72/320.jpg?1488856325
残像,http://eiga.k-img.com/images/movie/85818/photo/4c397ed1663c1f7b/320.jpg?1490063305
セールスマン,http://eiga.k-img.com/images/movie/86149/photo/c97863f048230cde/320.jpg?1490586415
めがみさま,http://eiga.k-img.com/images/movie/86662/photo/5fdbaf2d990c771d/320.jpg?1494379958
怪物はささやく,http://eiga.k-img.com/images/movie/86167/photo/0e170303e27534fa/320.jpg?1490837195
パトリオット・デイ,http://eiga.k-img.com/images/movie/86248/photo/bc2e8b46d33eb799/320.jpg?1492132463
海辺のリア,http://eiga.k-img.com/images/movie/86233/photo/e5cc78ca6a5d31d8/320.jpg?1489118048
ザ・ダンサー,http://eiga.k-img.com/images/movie/86148/photo/a1e1dc0b4711bc89/320.jpg?1494234315
素敵な遺産相続,http://eiga.k-img.com/images/movie/86947/photo/2ef45d645c24ed86/320.jpg?1492476863
ダブルミンツ,http://eiga.k-img.com/images/movie/86418/photo/3581e743bff5738b/320.jpg?1488154590
20センチュリー・ウーマン,http://eiga.k-img.com/images/movie/86002/photo/32f5c5d659e33cf8/320.jpg?1490667433
花戦さ,http://eiga.k-img.com/images/movie/84693/photo/4567f10ec149f50a/320.jpg?1489735589
武曲 MUKOKU,http://eiga.k-img.com/images/movie/85709/photo/5520c09ee397070a/320.jpg?1492053543
ラプチャー破裂,http://eiga.k-img.com/images/movie/84624/photo/34a4c688ba0f0102/320.jpg?1491188022
ローマ法王になる日まで,http://eiga.k-img.com/images/movie/84517/photo/489c4569f9c34674/320.jpg?1489378133
笑う101歳×2 笹本恒子むのたけじ,http://eiga.k-img.com/images/movie/85317/photo/62ecb451a4231be0/320.jpg?1492593627
LOGAN ローガン,http://eiga.k-img.com/images/movie/85859/photo/e3995eb1c08bdabb/320.jpg?1487929551
おじいちゃんはデブゴン,http://eiga.k-img.com/images/movie/86461/photo/68b71c305caf0af3/320.jpg?1488855236
家族はつらいよ2,http://eiga.k-img.com/images/movie/85423/photo/5ec1d7954bfca85b/320.jpg?1488945639
ハロルドとリリアンハリウッド・ラブストーリー,http://eiga.k-img.com/images/movie/86647/photo/f0ac3b8d01abf7fa/320.jpg?1490057883
バイオハザードヴェンデッタ,http://eiga.k-img.com/images/movie/83301/photo/f7b02d368cca724f/320.jpg?1481762992
光（河瀬直美監督）,http://eiga.k-img.com/images/movie/85908/photo/3f6a561f9c934460/320.jpg?1486686325
ママは日本へ嫁に行っちゃダメと言うけれど。,http://eiga.k-img.com/images/movie/86593/photo/0d639f8ef83635e2/320.jpg?1492766502
光をくれた人,http://eiga.k-img.com/images/movie/85548/photo/5cac2182f7efd4b4/320.jpg?1491791794
美しい星,http://eiga.k-img.com/images/movie/84444/photo/ab0e7ab20247e934/320.jpg?1489712547
オリーブの樹は呼んでいる,http://eiga.k-img.com/images/movie/85644/photo/4747bbc39507d80b/320.jpg?1489713065
ジェーン・ドウの解剖,http://eiga.k-img.com/images/movie/86166/photo/a88550006ccce287/320.jpg?1490251933
たたら侍,http://eiga.k-img.com/images/movie/85275/photo/ce4bcea5065547a3/320.jpg?1485393310
ポエトリーエンジェル,http://eiga.k-img.com/images/movie/85381/photo/25596018c0f61e9e/320.jpg?1490582239
皆はこう呼んだ、鋼鉄ジーグ,http://eiga.k-img.com/images/movie/84518/photo/15ca819f5c8b4b5d/320.jpg?1494401060
メッセージ,http://eiga.k-img.com/images/movie/85583/photo/178447f10bcc4f9f/320.jpg?1489028099
あの日、兄貴が灯した光,http://eiga.k-img.com/images/movie/86551/photo/0c8850c7370d4074/320.jpg?1489475216
夜明け告げるルーのうた,http://eiga.k-img.com/images/movie/86345/photo/c1d34ebb215850ff/320.jpg?1487120070
マンチェスター・バイ・ザ・シー,http://eiga.k-img.com/images/movie/86138/photo/372b83d46d9ecd2a/320.jpg?1490148645
映画夜空はいつでも最高密度の青色だ,http://eiga.k-img.com/images/movie/85415/photo/c3e7b063212670de/320.jpg?1490326833
潜入者,http://eiga.k-img.com/images/movie/85312/photo/00d67190412091b1/320.jpg?1487723584
トンネル闇に鎖（とざ）された男,http://eiga.k-img.com/images/movie/86595/photo/8c715d63ddeac300/320.jpg?1487905612
バッド・バディ！私とカレの暗殺デート,http://eiga.k-img.com/images/movie/86413/photo/9b03a1a1bf1e6d5e/320.jpg?1487640018
ガーディアンズ・オブ・ギャラクシーリミックス,http://eiga.k-img.com/images/movie/84133/photo/4b80d6b247902490/320.jpg?1490142332
パーソナル・ショッパー,http://eiga.k-img.com/images/movie/86376/photo/d40370e8e4e94ff0/320.jpg?1485315661
赤毛のアン,http://eiga.k-img.com/images/movie/86558/photo/6f96bfce6af2cfe4/320.jpg?1488764688
台北ストーリー,http://eiga.k-img.com/images/movie/43025/photo/7ad191f58c7cc330/320.jpg?1487640926
追憶,http://eiga.k-img.com/images/movie/84581/photo/853848c479902150/320.jpg?1491357305
八重子のハミング,http://eiga.k-img.com/images/movie/85043/photo/19e7e04c8fe93517/320.jpg?1489132088
帝一の國,http://eiga.k-img.com/images/movie/86016/photo/1a8446c6ed7de328/320.jpg?1487755319
エルミタージュ美術館美を守る宮殿,http://eiga.k-img.com/images/movie/86438/photo/1d37ce5e011bb08e/320.jpg?1491966737
草原の河,http://eiga.k-img.com/images/movie/83177/photo/c7d39c7596646263/320.jpg?1487124160
トトとふたりの姉,http://eiga.k-img.com/images/movie/83063/photo/05720d5dcfa9cfe2/320.jpg?1485752283
僕とカミンスキーの旅,http://eiga.k-img.com/images/movie/86005/photo/0ff6b7109cb1581f/320.jpg?1485417064
映画かみさまみならいヒミツのここたま奇跡をおこせ♪テップルとドキドキここたま界,http://eiga.k-img.com/images/movie/85789/photo/6705865c4ac781a3/320.jpg?1486000920
映画たまごっちヒミツのおとどけ大作戦！,http://eiga.k-img.com/images/movie/85914/photo/0dd5d0b845e05e4b/320.jpg?1493177610
ワイルド・スピード ICE BREAK,http://eiga.k-img.com/images/movie/86133/photo/7c7b7786be0a3d6b/320.jpg?1490151851
イップ・マン継承,http://eiga.k-img.com/images/movie/85821/photo/24ee5a2201a1ccaf/320.jpg?1487056321
劇場版 Free! Timeless Medley 絆,http://eiga.k-img.com/images/movie/86805/photo/8731d6f2973ba677/320.jpg?1490770133
3月のライオン後編,http://eiga.k-img.com/images/movie/84543/photo/30126dadf362cc27/320.jpg?1490759646
スウィート17モンスター,http://eiga.k-img.com/images/movie/86035/photo/efecc8679d43c286/320.jpg?1487046376
パリが愛した写真家ロベール・ドアノー永遠の3秒,http://eiga.k-img.com/images/movie/86309/photo/9224efbf85b8762a/320.jpg?1484281046
PARKS パークス,http://eiga.k-img.com/images/movie/84662/photo/bd1a66ce6f47ba4e/320.jpg?1485828971
美女と野獣,http://eiga.k-img.com/images/movie/83472/photo/8f597c402b8f36fc/320.jpg?1486435609
名探偵コナンから紅の恋歌（ラブレター）,http://eiga.k-img.com/images/movie/86075/photo/762e561715d8735d/320.jpg?1486004525
映画クレヨンしんちゃん襲来!!宇宙人シリリ,http://eiga.k-img.com/images/movie/85838/photo/68009063039db2ce/320.jpg?1490252678
メットガラドレスをまとった美術館,http://eiga.k-img.com/images/movie/86147/photo/d9f18e38e40bf176/320.jpg?1487213407
ろくでなし,http://eiga.k-img.com/images/movie/86183/photo/8ec57bcf94d4a710/320.jpg?1482198311
わすれな草,http://eiga.k-img.com/images/movie/86310/photo/7efadb4b0a18fe80/320.jpg?1486461938
グレートウォール,http://eiga.k-img.com/images/movie/86079/photo/daedf932d0289873/320.jpg?1486610791
午後8時の訪問者,http://eiga.k-img.com/images/movie/86018/photo/b2c463bbc70096d9/320.jpg?1483579558
マイ ビューティフル ガーデン,http://eiga.k-img.com/images/movie/86134/photo/99ed146f5194f80c/320.jpg?1487839622
LION ライオン 25年目のただいま,http://eiga.k-img.com/images/movie/84622/photo/74782016d9e07cef/320.jpg?1483575569
はらはらなのか。,http://eiga.k-img.com/images/movie/85117/photo/c7efe734c3e23fbe/320.jpg?1482372810
乱,http://eiga.k-img.com/images/movie/31604/photo/c4bbd822b11f973c/320.jpg?1486632742
ジャッキーファーストレディ最後の使命,http://eiga.k-img.com/images/movie/86055/photo/fff41b5063c11f9d/320.jpg?1488268109
ムーンライト,http://eiga.k-img.com/images/movie/86100/photo/497ab6801c426d52/320.jpg?1488514175
キングコング髑髏島の巨神,http://eiga.k-img.com/images/movie/84000/photo/e2edfa882f1c4de5/320.jpg?1486447940
世界でいちばん美しい村,http://eiga.k-img.com/images/movie/86152/photo/087c887d7731d158/320.jpg?1486523653
タレンタイム優しい歌,http://eiga.k-img.com/images/movie/82870/photo/c56d9a408526c989/320.jpg?1490086326
標的の島風（かじ）かたか,http://eiga.k-img.com/images/movie/86339/photo/213e4439a0cbe4f1/320.jpg?1487212195
モン・ロワ愛を巡るそれぞれの理由,http://eiga.k-img.com/images/movie/84868/photo/5d031707c52f02c5/320.jpg?1484732379
おとなの事情,http://eiga.k-img.com/images/movie/85979/photo/ce0d9135a1359af5/320.jpg?1478572762
かみさまとのやくそくあなたは親を選んで生まれてきた,http://eiga.k-img.com/images/movie/86577/photo/21c67da081fe93dc/320.jpg?1487733690
劇場版黒子のバスケ LAST GAME,http://eiga.k-img.com/images/movie/84708/photo/2e0f3840a7e68a69/320.jpg?1480901315
わたしは、ダニエル・ブレイク,http://eiga.k-img.com/images/movie/85997/photo/62c01bdc3e2af722/320.jpg?1481881212
逆行,http://eiga.k-img.com/images/movie/86160/photo/9455e08f6e5ea155/320.jpg?1481871446
クー嶺街（クーリンチェ）少年殺人事件,http://eiga.k-img.com/images/movie/10071/photo/241e07f1f7bd8ce5/320.jpg?1482308020
哭声コクソン,http://eiga.k-img.com/images/movie/86059/photo/2435de055642692f/320.jpg?1486694637
ボヤージュ・オブ・タイム,http://eiga.k-img.com/images/movie/84619/photo/babe57e8e916a636/320.jpg?1487292791
ミス・サイゴン 25周年記念公演 in ロンドン,http://eiga.k-img.com/images/movie/85633/photo/ba2de725561a351a/320.jpg?1485910860
エイミー、エイミー、エイミー！こじらせシングルライフの抜け出し方,http://eiga.k-img.com/images/movie/82543/photo/2b26a95dbe7c5b51/320.jpg?1484809402
しゃぼん玉,http://eiga.k-img.com/images/movie/84584/photo/2df5bf04a506e7d6/320.jpg?1485823420
人類遺産,http://eiga.k-img.com/images/movie/86098/photo/9443421dbe082f12/320.jpg?1480990330
汚れたミルクあるセールスマンの告発,http://eiga.k-img.com/images/movie/85841/photo/3f825fc41060ba10/320.jpg?1480487897
ラビング愛という名前のふたり,http://eiga.k-img.com/images/movie/86135/photo/2c1e64dec07b3aa6/320.jpg?1481509636
ラ・ラ・ランド,http://eiga.k-img.com/images/movie/82024/photo/e3271406063387f2/320.jpg?1484708323
愚行録,http://eiga.k-img.com/images/movie/84557/photo/36b7051c12019d75/320.jpg?1479438557
みうらじゅん＆いとうせいこう 20th anniversary ザ・スライドショーがやってくる！「レジェンド仲良し」の秘密,http://eiga.k-img.com/images/movie/86131/photo/3d8d692efc8b457a/320.jpg?1481246131
相棒劇場版IV 首都クライシス人質は50万人！特命係最後の決断,http://eiga.k-img.com/images/movie/84977/photo/634d91ac76b791b7/320.jpg?1481245618
家族の肖像,http://eiga.k-img.com/images/movie/7954/photo/65028aa9e3395e14/320.jpg?1479693714
サバイバルファミリー,http://eiga.k-img.com/images/movie/85302/photo/2fe0e1702048db8f/320.jpg?1482203468
世界でいちばんのイチゴミルクのつくり方,http://eiga.k-img.com/images/movie/85832/photo/437c93a998dcb946/320.jpg?1476953763
たかが世界の終わり,http://eiga.k-img.com/images/movie/84621/photo/557692e1034a8b33/320.jpg?1477982066
恋妻家宮本,http://eiga.k-img.com/images/movie/83693/photo/7ef4da512c6908c8/320.jpg?1479466721
スノーデン,http://eiga.k-img.com/images/movie/81862/photo/c47dd765505af373/320.jpg?1478221285
東京ウィンドオーケストラ,http://eiga.k-img.com/images/movie/84829/photo/25a296489d9cf01c/320.jpg?1480902246
本能寺ホテル,http://eiga.k-img.com/images/movie/85177/photo/2623f91b3a0c324b/320.jpg?1478480147
人魚姫,http://eiga.k-img.com/images/movie/85883/photo/021bd806d4916640/320.jpg?1477361858
傷物語III 冷血篇,http://eiga.k-img.com/images/movie/83227/photo/b0c6e9803b373112/320.jpg?1484109509
人生フルーツ,http://eiga.k-img.com/images/movie/85594/photo/816c9f2d777e7e22/320.jpg?1477364277
ストーンウォール,http://eiga.k-img.com/images/movie/85516/photo/81e07c36bb7091c8/320.jpg?1472181436
ニーゼと光のアトリエ,http://eiga.k-img.com/images/movie/83131/photo/4312494248256e04/320.jpg?1476150064
アオサギとツル,http://eiga.k-img.com/images/movie/75312/photo/d447182bd2e6c62c/320.jpg?1476157687
キツネとウサギ,http://eiga.k-img.com/images/movie/76387/photo/c2b1c98916bc47ab/320.jpg?1476157659
霧の中のハリネズミ,http://eiga.k-img.com/images/movie/76386/photo/870a4d02587d1e60/320.jpg?1475119005
ケルジェネツの戦い,http://eiga.k-img.com/images/movie/75314/photo/4b3fe2fc31fcacc4/320.jpg?1476157708
25日・最初の日,http://eiga.k-img.com/images/movie/75544/photo/f0884d829685aa1e/320.jpg?1476157637
話の話,http://eiga.k-img.com/images/movie/75313/photo/4cc2fd9f6fc9fc04/320.jpg?1475119024
kapiw（カピウ）とapappo（アパッポ）アイヌの姉妹の物語,http://eiga.k-img.com/images/movie/85545/photo/00dfcee7f1370ede/320.jpg?1473219722
灼熱,http://eiga.k-img.com/images/movie/83165/photo/2c5fde11dc98e339/320.jpg?1475135672
この世界の片隅に,http://eiga.k-img.com/images/movie/82278/photo/507e0f31f5a568e5/320.jpg?1474596204
ナショナル・シアター・ライヴ 2016 「戦火の馬」,http://eiga.k-img.com/images/movie/82984/photo/ebe9d83de7c7ea08/320.jpg?1450929630
ウォーナーの謎のリスト,http://eiga.k-img.com/images/movie/85567/photo/5430c2965875bbd4/320.jpg?1474861168
アルジェの戦い,http://eiga.k-img.com/images/movie/42241/photo/4e433ae94315c535/320.jpg?1464596114
祖父の日記帳と私のビデオノート,http://eiga.k-img.com/images/movie/85254/photo/d9d84b1b9318eb32/320.jpg?1471949310
無垢の祈り,http://eiga.k-img.com/images/movie/85471/photo/7ffdd26390c50dc4/320.jpg?1471405746
ナショナル・シアター・ライヴ 2016 「ハード・プロブレム」,http://eiga.k-img.com/images/movie/82983/photo/6147b5f780e37f9d/320.jpg?1450929536
超高速！参勤交代リターンズ,http://eiga.k-img.com/images/movie/83118/photo/8625dfb7deb1b276/320.jpg?1465524860
人間爆弾「桜花」特攻を命じた兵士の遺言,http://eiga.k-img.com/images/movie/85068/photo/f75c32bd61e67615/320.jpg?1466395021
ミリキタニの記憶,http://eiga.k-img.com/images/movie/85203/photo/d8e334c52c9e6bb1/320.jpg?1468404711
ミリキタニの猫,http://eiga.k-img.com/images/movie/34177/photo/a47c3b14d4ceb968/320.jpg?1468404679
君の名は。,http://eiga.k-img.com/images/movie/83796/photo/85fda0a0710fdf1e/320.jpg?1467791679
ソング・オブ・ザ・シー海のうた,http://eiga.k-img.com/images/movie/83821/photo/6d2fe418a294cad2/320.jpg?1466472469
傷物語II 熱血篇,http://eiga.k-img.com/images/movie/83226/poster2/200.jpg?1452248670
ヴィレッジ・オン・ザ・ヴィレッジ,http://eiga.k-img.com/images/movie/84979/photo/1aad03001100eb96/320.jpg?1467942187
ジョギング渡り鳥,http://eiga.k-img.com/images/movie/83080/poster2/200.jpg?1448848943
シネマ歌舞伎喜撰,http://eiga.k-img.com/images/movie/82862/photo/1a361a5f1818b96c/320.jpg?1440994306
シネマ歌舞伎棒しばり,http://eiga.k-img.com/images/movie/82863/photo/0cb28870e69ed6aa/320.jpg?1440994222
傷物語I 鉄血篇,http://eiga.k-img.com/images/movie/56502/poster2/200.jpg?1444014253
心が叫びたがってるんだ。（2015）,http://eiga.k-img.com/images/movie/81471/poster2/200.jpg?1436755051
野火,http://eiga.k-img.com/images/movie/80686/poster2/200.jpg?1434948467
ピクニック（1936）,http://eiga.k-img.com/images/movie/48317/poster2/200.jpg?1427445516
セッション,http://eiga.k-img.com/images/movie/80985/poster2/200.jpg?1423018880
お江戸のキャンディー,http://eiga.k-img.com/images/movie/81510/poster2/200.jpg?1418353409
みんなの学校,http://eiga.k-img.com/images/movie/81431/poster2/200.jpg?1419406372
METライブビューイング2014-15 レハール「メリー・ウィドウ」,http://eiga.k-img.com/images/movie/80736/photo/52694d8d7de45cda/320.jpg?1407308600
トラフィック（1971）,http://eiga.k-img.com/images/movie/67896/photo/5b7c2b77929e1844/320.jpg?1396890011
プレイタイム,http://eiga.k-img.com/images/movie/27134/photo/7810b777e86f45ab/320.jpg?1396889900
ナショナル・シアター・ライヴ 2014 「フランケンシュタイン」,http://eiga.k-img.com/images/movie/79829/photo/848ca2640630eab6/320.jpg?1396888024
オンリー・ゴッド,http://eiga.k-img.com/images/movie/78765/poster.jpg?1389193200
麗しのサブリナ,http://eiga.k-img.com/images/movie/5519/photo/c61998d09efd6202/320.jpg?1396890750
言の葉の庭,http://eiga.k-img.com/images/movie/77989/poster2/200.jpg?1415784654
だれかのまなざし,http://eiga.k-img.com/images/movie/78750/poster2/200.jpg?1401272816
この空の花長岡花火物語,http://eiga.k-img.com/images/movie/57866/photo/ba778c8252691201/320.jpg?1396889917
陽炎座,http://eiga.k-img.com/images/movie/35574/photo/1a85461e9c8dfcf5/320.jpg?1396891543
一枚のハガキ,http://eiga.k-img.com/images/movie/55610/photo/57f0a3c6a04513a6/320.jpg?1396889668
星を追う子ども,http://eiga.k-img.com/images/movie/55847/photo/d8ae90eea12c08a1/320.jpg?1464332958
義兄弟 SECRET REUNION,http://eiga.k-img.com/images/movie/55630/photo/950c342a92c19256/320.jpg?1396889857
マイマイ新子と千年の魔法,http://eiga.k-img.com/images/movie/53974/photo/e51d049719bf7188/320.jpg?1469165886
トランスフォーマー,http://eiga.k-img.com/images/movie/1916/photo/2196e5a50cde9369/320.jpg?1495095088
陸に上がった軍艦,http://eiga.k-img.com/images/movie/34090/photo/c99f2b3103f38fd7/320.jpg?1495096111
秒速5センチメートル,http://eiga.k-img.com/images/movie/56096/photo/fcfaf609d4ffc7df/320.jpg?1464332890
紙屋悦子の青春,http://eiga.k-img.com/images/movie/1468/photo/07dbdf89444bd54d/320.jpg?1435832902
バウンド,http://ecx.images-amazon.com/images/I/51dKC6oevSL._SL180_.jpg
天使の涙,http://eiga.k-img.com/images/movie/47103/photo/eb0daee9b5668d5e/320.jpg?1495096471
ターミネーター2,http://eiga.k-img.com/images/movie/46383/photo/a0ec326404625e74/320.jpg?1469167694
ゆきゆきて、神軍,http://ecx.images-amazon.com/images/I/51HkxzCDkNL._SL180_.jpg
時をかける少女（1983）,http://eiga.k-img.com/images/movie/57212/photo/e164967c01d4b8ab/320.jpg?1469165325
ひめゆりの塔（1982）,http://eiga.k-img.com/images/movie/noposter/320.png?1496733972
新・高校生ブルース,http://ecx.images-amazon.com/images/I/41erG7Q8j4L._SL180_.jpg
肉弾（1968）,http://eiga.k-img.com/images/movie/noposter/320.png?1496733972
孤島の太陽,http://eiga.k-img.com/images/movie/noposter/320.png?1496733972
燃えつきた地図,http://eiga.k-img.com/images/movie/noposter/320.png?1496733972
わが命の唄 艶歌,http://eiga.k-img.com/images/movie/noposter/320.png?1496733972
執炎,http://eiga.k-img.com/images/movie/noposter/320.png?1496733972
おんなの渦と淵と流れ,http://eiga.k-img.com/images/movie/noposter/320.png?1496733972
人間に賭けるな,http://eiga.k-img.com/images/movie/noposter/320.png?1496733972
